"4","cernym1","Miroslav","Černý","3074893a95e5c3d1555adf608f206d66","cernym1@merici.ad12.cz"
"7","dvoram0","Marcela","Dvořáková","d7fee59c28fcb24749998b4700390003","dvoram0@logsys.ad12.cz"
"8","cernyj0","Jaroslav","Černý","05a75d60882123e6390550d320f0a065","cernyj0@infrast.ad12.cz"
"10","novotd0","Dagmar","Novotná","74b1c7ef7954ee7afda3b54dadb867f8","novotd0@telekom.ad12.cz"
"12","fialoj0","Jitka","Fialová","da020f08be3461b146cad9925b24e738","fialoj0@telekom.ad12.cz"
"13","cernym3","Michal","Černý","bf977226584ec6a216a0e7b6314e56e2","cernym3@uit.ad12.cz"
"17","bartom0","Marta","Bartošová","b8ca0d5e1068c9041cb6bcaebc1b60fa","bartom0@merici.ad12.cz"
"19","prochm0","Miroslav","Procházka","0e1e0b1321c31d10ce6cf8bb01929170","prochm0@infrast.ad12.cz"
"22","cernyj1","Josef","Černý","bd9f0bfe65ca8d77828a1fd170ba1866","cernyj1@sez.ad12.cz"
"23","pospip0","Petra","Pospíšilová","7ce892117a0cad613e6fdd010974db8f","pospip0@infrast.ad12.cz"
"24","cernyj2","Jan","Černý","4aa63e8bef00b5f2ad47953fdbdece1b","cernyj2@infrast.ad12.cz"
"27","ruzich0","Hana","Růžičková","bd0d515bb2ab79881e91e80cb34e8e8d","ruzich0@infrast.ad12.cz"
"28","prochv0","Věra","Procházková","1e825640bd056f848e09c13e8b1388e2",""
"31","kraloh0","Hana","Králová","b812a88071fedebfa6f7c3ae6ad02c67","kraloh0@uit.ad12.cz"
"33","veselj0","Josef","Veselý","aebe8503f077ef3811f7c59fb8bc7bfa","veselj0@telekom.ad12.cz"
"36","cermap0","Petr","Čermák","9d42e8b0da1826b18a0f3bdd450670a6","cermap0@telekom.ad12.cz"
"37","novakp0","Petr","Novák","d31a2144b4d7c9f6eaac562ae2afd781","novakp0@merici.ad12.cz"
"39","svoboh0","Hana","Svobodová","c11d1b01a8c2f50fca049b52b4b0f96d","svoboh0@telekom.ad12.cz"
"40","novakj1","Jiřina","Nováková","9d1cae1f14758a20f86b793dad9f0976","novakj1@telekom.ad12.cz"
"42","kratoj0","Josef","Kratochvíl","eb426bba26e786b3c1b070a8a56c8194","kratoj0@uit.ad12.cz"
"43","novakp1","Pavlína","Nováková","6159015bb828b3956e0a4f0a47c8ad98","novakp1@sez.ad12.cz"
"47","jelinj0","Jana","Jelínková","bc4b19d6145da0e713fd81c6ebb3f13c","jelinj0@infrast.ad12.cz"
"50","cernah1","Hana","Černá","8de6ddf4f89dae63f62f893027b2f70e","cernah1@sez.ad12.cz"
"51","vlcekv0","Vladimír","Vlček","abff263611ba312b42fd5e31d8c73f2b","vlcekv0@logsys.ad12.cz"
"53","novakz0","Zdeňka","Nováková","f2e600b4a239a6fa5a1070c3590895ac",""
"56","procha0","Aleš","Procházka","e9cbf900658145349059109b03081d0a","procha0@uit.ad12.cz"
"63","dvorap0","Pavlína","Dvořáková","d2dc031fd45ffeda546262574f23284e",""
"66","pospiz0","Zuzana","Pospíšilová","9e2425bcf4f5e44ebbfe63e03d35df49",""
"67","fialom0","Marie","Fialová","ee0d9f6b1610e7eb061bef6696b588a6",""
"71","cernyj3","Jiří","Černý","eed3fbada9804cd98ba624e35b271eeb","cernyj3@uit.ad12.cz"
"72","nemecj0","Jan","Němec","5788b6495e133079a2c4d8b9dd7ce8e7","nemecj0@infrast.ad12.cz"
"73","urbanj1","Jiří","Urban","81438508ddecd9d0d7ceaa95fce5c1d1","urbanj1@telekom.ad12.cz"
"77","veselm0","Markéta","Veselá","faf9c693426fe0a03d55d7d6550d63e4","veselm0@logsys.ad12.cz"
"81","kovari0","Irena","Kovářová","1db5cd25fd000fb788c46bd56b07832b","kovari0@merici.ad12.cz"
"82","svobok0","Kateřina","Svobodová","973e8552504ebee6c3ec4502f0a5fbeb","svobok0@uit.ad12.cz"
"84","benesm0","Markéta","Benešová","5731ef1054e683ac20a7fa125c51859d","benesm0@uit.ad12.cz"
"86","novakm0","Miroslav","Novák","78bdad4f2f9c219711982470ed432df7","novakm0@telekom.ad12.cz"
"89","novotm1","Markéta","Novotná","b95bdc4d4f1ca3e1cf55528900f84c10","novotm1@infrast.ad12.cz"
"90","novakm2","Milan","Novák","73629a4bc7115a9f7df72b448c4f21cc","novakm2@telekom.ad12.cz"
"91","zemanf0","František","Zeman","a04a62c6577c53ed6ec717b845284152","zemanf0@infrast.ad12.cz"
"97","navrar0","Růžena","Navrátilová","80090b55a293a569f20cef6d6c2febb9","navrar0@uit.ad12.cz"
"98","kralv0","Václav","Král","86b3328f2bb733a35018116ae423cb9a","kralv0@uit.ad12.cz"
"101","pospih0","Hana","Pospíšilová","a559ea5ed9ce7cd65ce42c67603d5da0",""
"107","pospim1","Michal","Pospíšil","ef6a988d0ab9771734f1edaf7477f25a","pospim1@infrast.ad12.cz"
"109","simkoj0","Jana","Šimková","7a38e94d515d79175d2bf2f14b7676df","simkoj0@telekom.ad12.cz"
"111","dolezf0","František","Doležal","0db4fd340efa62f46665f47d08ff8355","dolezf0@telekom.ad12.cz"
"113","fialod0","Dagmar","Fialová","4c81b1447ed868ddac2500e06d7ea92b","fialod0@infrast.ad12.cz"
"116","veselp1","Pavlína","Veselá","c25b7826b3049a22a35f92b70208f133","veselp1@sez.ad12.cz"
"117","svobom1","Miroslav","Svoboda","3d7598bef4aa5bb347396a244c11c59d","svobom1@sez.ad12.cz"
"118","kolarm0","Markéta","Kolářová","70759eaea597cee2bba198c89547e6b6","kolarm0@merici.ad12.cz"
"121","ruzicd0","Dana","Růžičková","3d3f7c6549a6c51cacd581372f22b5d0","ruzicd0@telekom.ad12.cz"
"122","marekj0","Josef","Marek","73497490e4eb36ca7d05943a141960dd",""
"123","pokorf0","František","Pokorný","63590b1ad6c041b64155ded6d63cf45f",""
"127","svobop1","Pavla","Svobodová","819cae923a19a06c1d8fc2c833526513","svobop1@uit.ad12.cz"
"128","kopecm0","Marcela","Kopecká","e57bffb5341eaf4ff8040fc671b26302",""
"129","dvorai0","Iveta","Dvořáková","e503b8b77a447164b5b96a5e2f56f4e3","dvorai0@sez.ad12.cz"
"130","novaks0","Stanislav","Novák","10c0b49534db09f08a9aca5fbbef2e05",""
"131","svobom2","Michal","Svoboda","2cc540d3914a39b713b02bd09e25a095","svobom2@sez.ad12.cz"
"133","svoboz0","Zdeněk","Svoboda","15ac0d5eaff16f52cb290e2c69ecde5c","svoboz0@uit.ad12.cz"
"134","veselj1","Jarmila","Veselá","98c51ed3973f5a653e125395f7287c7d","veselj1@infrast.ad12.cz"
"136","kovarm1","Miroslav","Kovář","c03ca8762fa3d63bd010b7cfb908d3e5","kovarm1@uit.ad12.cz"
"139","benesp0","Pavel","Beneš","d7edc0b3fc44f858a36838858f14472d","benesp0@telekom.ad12.cz"
"142","sedlav0","Václav","Sedláček","2e255b26ae137a58e7afd07b907d70cf","sedlav0@uit.ad12.cz"
"145","hajkol0","Ludmila","Hájková","8f9705d189d86c9689450c1b92d90ede","hajkol0@infrast.ad12.cz"
"148","sedlaf0","František","Sedláček","ee3d0c4cc583b58b4dd5004be9418406","sedlaf0@telekom.ad12.cz"
"150","kucerv0","Vladimír","Kučera","5227d82f49a4178dea4e148011196163","kucerv0@sez.ad12.cz"
"153","vlckom0","Marie","Vlčková","9ae7fb63d7e305fe9b9637633f4d3f90","vlckom0@telekom.ad12.cz"
"154","novakz1","Zdeněk","Novák","0ff60ad7884691bd44775c23a21cf635","novakz1@sez.ad12.cz"
"155","simekp0","Petr","Šimek","5fadda577aab54aae9a29bbbaa401a54","simekp0@uit.ad12.cz"
"157","svobov0","Věra","Svobodová","5232e7ced1409a15567cf4d49715bef0",""
"158","simkov0","Vlasta","Šimková","7ecc1606a14991eea91300699681c3b7","simkov0@logsys.ad12.cz"
"160","kovarl0","Ludmila","Kovářová","aee8f2dd27f1fc4c9149290c689a5701","kovarl0@uit.ad12.cz"
"162","cernai0","Iveta","Černá","3b59490d39c4d7ebece52832a32d9896","cernai0@uit.ad12.cz"
"166","dvoram1","Marie","Dvořáková","03c276b0365b1651e39b0c745f55552d","dvoram1@sez.ad12.cz"
"170","markoe0","Eva","Marková","6d2fe0e47a100b5c9ae28da0eb31ee75","markoe0@logsys.ad12.cz"
"173","novotz0","Zdeněk","Novotný","6260e9be273f10be2a259c3753809416","novotz0@uit.ad12.cz"
"176","kolarz0","Zdeněk","Kolář","1acc368d57a7ab9ae694ee2e37e16751",""
"177","dvoraj0","Jana","Dvořáková","f254a96631f8cd62b44b6f8c39df3b92",""
"179","urbanj3","Jaroslav","Urban","0c44b719e74560ed815afeacbaaf2085","urbanj3@sez.ad12.cz"
"180","svoboj2","Jiří","Svoboda","67515aca0b644eb68d3e23c24dfbffac","svoboj2@sez.ad12.cz"
"181","svobov1","Věra","Svobodová","eae9c69b98daffdad7535cf95a3ae09c","svobov1@uit.ad12.cz"
"182","horakz0","Zdeněk","Horák","a8a0e0b0e724eb959d41fa92259aa178","horakz0@merici.ad12.cz"
"185","svobob1","Barbora","Svobodová","6de405b53c507ea455e3f27913620974","svobob1@telekom.ad12.cz"
"187","novakp2","Petr","Novák","a9aa0f5db40b3e80af4f1fb508723f40",""
"188","fialom1","Michaela","Fialová","24601d94bc356d6a0b6c0e97025fd1c7","fialom1@uit.ad12.cz"
"193","cermam0","Miroslav","Čermák","4920902fc1aad056fb02bf23bca80056","cermam0@infrast.ad12.cz"
"195","novota0","Andrea","Novotná","01c3d97603b7abd90bb52ff378d3fb8d",""
"197","jelinr0","Roman","Jelínek","0e2011521cbf4850dfcd2a30e84a3ee7","jelinr0@sez.ad12.cz"
"198","marekj1","Jiří","Marek","2b50d647de584ba6dd7f5f5c69ff7c6c",""
"199","kovarp0","Petr","Kovář","361155b3867b807b3e631af1f8f87685","kovarp0@uit.ad12.cz"
"202","kralj1","Jiří","Král","1105c2dbf15beccd63d350e9d26719a3","kralj1@uit.ad12.cz"
"203","dvoram2","Michal","Dvořák","5ee102a5f48461bff41e9e3cdcc90923",""
"204","horakj3","Jan","Horák","a742fc52901f7b9e1644557646a3f315","horakj3@sez.ad12.cz"
"206","bartoj1","Jiří","Bartoš","09e1fc5ff2d1cbbee80ca18a6dbf4a0a","bartoj1@sez.ad12.cz"
"207","navrak0","Kateřina","Navrátilová","6ec3f70726b3e811a373e0439bfacbfd","navrak0@infrast.ad12.cz"
"211","kolarr0","Růžena","Kolářová","7209dfc201228273170cf09ed9f09225","kolarr0@uit.ad12.cz"
"212","dolezk0","Kateřina","Doležalová","34e1f15e6192fa89ca0a44c65cb904f8",""
"213","prochh0","Helena","Procházková","b089f01efa43a22d9da8bbf1e5314043","prochh0@infrast.ad12.cz"
"215","simekp1","Pavel","Šimek","267ffbd4fd1ad0e4c39e2463d7041c31",""
"217","cernav0","Věra","Černá","35aa96229ae566beada27eb74de8d422","cernav0@uit.ad12.cz"
"218","marekp0","Pavel","Marek","af98865f50d0f8c6647aca9a238e97bf","marekp0@infrast.ad12.cz"
"222","prochl0","Ludmila","Procházková","18c56e0e12bf4afd51ed566a4689461f","prochl0@sez.ad12.cz"
"223","horakj4","Jan","Horák","15d3f89b7fd19f6c8b19d7ea4f2973a2","horakj4@sez.ad12.cz"
"225","navraj1","Jana","Navrátilová","b08a05f4b216c44528e0537eae719641","navraj1@telekom.ad12.cz"
"226","marekp1","Pavel","Marek","ac66b32e98561e825a8a6dcba52ba6fb","marekp1@sez.ad12.cz"
"229","dvoram3","Michal","Dvořák","1a59587542e245e1b213896669af6b71",""
"231","hajkom0","Markéta","Hájková","428eb9ece655f18be84f7b98dc213f3d","hajkom0@telekom.ad12.cz"
"233","prochl1","Ludmila","Procházková","60e2f1b87bfc449c6aaaf038b60f7881","prochl1@infrast.ad12.cz"
"234","dvorap1","Petr","Dvořák","6fb9d183c0368c0322d7df854dcdc9e0","dvorap1@telekom.ad12.cz"
"235","horakj5","Josef","Horák","33667f2ffab132a9efdaaf255ce003ff","horakj5@merici.ad12.cz"
"237","zemanj0","Jan","Zeman","28cf20cf07a53d2c04d302b9cfd8084b","zemanj0@uit.ad12.cz"
"239","kolarp0","Pavel","Kolář","999687a78bb1f5f54a5ba43c36949f8e","kolarp0@uit.ad12.cz"
"240","jelinp0","Petr","Jelínek","f799308ac7bf1000d6e4b7e5736165f0","jelinp0@infrast.ad12.cz"
"245","ruzicm2","Michaela","Růžičková","2123d645cb7fd07ef1fd0f8d79f739de","ruzicm2@infrast.ad12.cz"
"247","ruzicj0","Jaroslav","Růžička","22edd29d2dd56a02ee03ffbd92b90092",""
"248","kovarj0","Jana","Kovářová","2b0ce86e969783676f68ad0249ea14b1",""
"249","horakp0","Pavlína","Horáková","1c76ba1cce5fa901645acb7f72f37f64","horakp0@uit.ad12.cz"
"250","kucerm0","Michal","Kučera","24822d4dde0f7b4825bd2d725c31d1ec","kucerm0@logsys.ad12.cz"
"251","kraloi0","Ivana","Králová","cb097a90a68de0acdbacaac203ac5641",""
"253","jelinr1","Roman","Jelínek","b270c8629b240e189bd90ad74bed3525",""
"254","nemecp0","Petr","Němec","7b3ec50129f4df094db17002331a1941","nemecp0@infrast.ad12.cz"
"256","prochi0","Irena","Procházková","097cbbd3a7a50292d9c9bcac87df576b",""
"257","blazej0","Jiří","Blažek","4e6311ecf81c26db5c48fd7eb6c5dd69","blazej0@infrast.ad12.cz"
"259","kopecm1","Martin","Kopecký","25feba9fd220460e0d8bec52521267f8","kopecm1@infrast.ad12.cz"
"260","krizm0","Milan","Kříž","cd55679fdf85f4de757fec029a5b4a74","krizm0@merici.ad12.cz"
"261","jelinh0","Helena","Jelínková","d75133ebc2140e89b7379d29d7a1a5ea","jelinh0@infrast.ad12.cz"
"263","krizol0","Lenka","Křížová","0463949ccf75a1626106b0bdd530153d","krizol0@sez.ad12.cz"
"267","cernyp1","Petr","Černý","5867fc9763004f931827860ae8639412","cernyp1@sez.ad12.cz"
"268","nemcop1","Petra","Němcová","3ce619a6083afba0dbef0fc6f14a9326","nemcop1@sez.ad12.cz"
"270","fialol1","Lucie","Fialová","03f4d6a7ac341d566b7af2adb6882691","fialol1@merici.ad12.cz"
"271","pokorz0","Zdeněk","Pokorný","ba5a73b808a88a3accfc1d433f69d550","pokorz0@merici.ad12.cz"
"272","dvoraf0","František","Dvořák","632d8cc5dbbcf0c9ec8838817b052f3c",""
"273","svoboa0","Andrea","Svobodová","1a9a86dcdeb2a4eeadb3c6f0598adfef","svoboa0@sez.ad12.cz"
"276","novakm4","Miroslav","Novák","c3ec968699050906ed82ee7d91247f41","novakm4@sez.ad12.cz"
"277","novakj5","Jana","Nováková","87036f216e891919fa2343822409cd62","novakj5@sez.ad12.cz"
"280","urbanm0","Michal","Urban","cabab96e96da99f7123bb220a0320ccc","urbanm0@infrast.ad12.cz"
"282","kucerm1","Marie","Kučerová","4cf0053368605b2176cbba128115c5d4","kucerm1@infrast.ad12.cz"
"284","dvorap2","Petra","Dvořáková","74d48aa250171fc7277fd0244c488409","dvorap2@logsys.ad12.cz"
"285","blazem0","Miroslav","Blažek","10b8b351deba1b6f80d8c39cabee82cd",""
"286","krizj1","Jiří","Kříž","6b58907b0a5aa0e685b16f81e593a033","krizj1@logsys.ad12.cz"
"288","marekm0","Milan","Marek","39ae3e60d50465a92e5772ff75da9edb","marekm0@logsys.ad12.cz"
"289","veselm1","Miroslav","Veselý","ab6812a12140a33459e78b61f7cdef16","veselm1@uit.ad12.cz"
"294","krizov0","Věra","Křížová","0971a922d7e4bd5e99b69e34e1d5a95d","krizov0@logsys.ad12.cz"
"295","polakb0","Božena","Poláková","1eb41183b93bfc1cfd500ae3ef004c76","polakb0@telekom.ad12.cz"
"299","pokorh1","Hana","Pokorná","86edcc692f1b0e9c30fb6b914d579c84","pokorh1@logsys.ad12.cz"
"301","kucerl1","Lucie","Kučerová","98d4c576f0e0d2acf5e63fbc05dfc5ee","kucerl1@uit.ad12.cz"
"303","novotj2","Jiří","Novotný","b368c020000940056f7cff74528fcf5a","novotj2@uit.ad12.cz"
"305","fialom2","Marie","Fialová","5c2e4c9cf4d7ed60414e3881eb69e793","fialom2@telekom.ad12.cz"
"306","novakl0","Lenka","Nováková","742e128fbf39c692b82f2a4c31f48de9","novakl0@uit.ad12.cz"
"308","prochz1","Zuzana","Procházková","3c917335f5aa9d040f633b8c52512d3f","prochz1@infrast.ad12.cz"
"309","horakj6","Jaroslav","Horák","13b7edab288307a9bd9b2a7ff3e20127","horakj6@sez.ad12.cz"
"311","novotj3","Jan","Novotný","e92a8cf1a8b476b115433a7b5722f95d",""
"312","horakj7","Jaroslav","Horák","be75266b5fb7ada25035ac95d1d8998f","horakj7@merici.ad12.cz"
"313","novotr0","Roman","Novotný","8101952d185d1678db21c0d46090eb2f","novotr0@sez.ad12.cz"
"316","horakl0","Ludmila","Horáková","acb95223fcda1bc472a342c2e40b5122","horakl0@sez.ad12.cz"
"318","cernyj4","Jiří","Černý","d9f8dfa32344ee3c9f227dc27baad019",""
"319","dvoram4","Marie","Dvořáková","a082ab412be4b1b70e2f0e78b42f4823","dvoram4@telekom.ad12.cz"
"320","simkop0","Petra","Šimková","386d840d4eb785015c22f561946a99c2","simkop0@uit.ad12.cz"
"321","blazej1","Josef","Blažek","aa7a844bf9b75582505596f8aea18da9","blazej1@logsys.ad12.cz"
"322","blazem1","Martin","Blažek","e9222b5ba152529b35081faa692bfe1b","blazem1@sez.ad12.cz"
"323","dvorah0","Helena","Dvořáková","1a1f6be87773d93701f619d48d706fd2","dvorah0@telekom.ad12.cz"
"329","cernyp2","Pavel","Černý","7cd1275580fffa0f0339fdb91c3bbdc4","cernyp2@infrast.ad12.cz"
"331","zemanr0","Renata","Zemanová","fa8d069b718f98ddacdca73c82615347","zemanr0@logsys.ad12.cz"
"333","svobop3","Pavel","Svoboda","56c3d117da0c4e9ee6998a226747913f",""
"335","cernyj5","Jan","Černý","fdd4320309e7a60bfea4938930b5d992",""
"336","vaňkoe0","Eva","Vaňková","95a21a5b2841067eb9c7e98e9bae9cce",""
"337","prochj6","Jitka","Procházková","f7ce2379b89c35fb3b75491da7032d91","prochj6@uit.ad12.cz"
"338","kovarm2","Michaela","Kovářová","f1a6e7d97beac828a14377d89c21ac54",""
"341","prochm5","Miroslav","Procházka","d4d2f5ce57d3344a2fd1d4e417809d4e","prochm5@sez.ad12.cz"
"344","marekv0","Vladimír","Marek","8c87cf5f6ef6efa8e3a6087e5448f0d9","marekv0@uit.ad12.cz"
"347","kratoz0","Zdeněk","Kratochvíl","f89c02437abc5a5ee175c8150105f6e6","kratoz0@telekom.ad12.cz"
"348","novakz3","Zdeňka","Nováková","1a36de94c850902c5894868d549fbb6e","novakz3@infrast.ad12.cz"
"350","novakm5","Marcela","Nováková","a5d4a125fdd480493f8309b373f6696c","novakm5@uit.ad12.cz"
"351","novakm6","Marie","Nováková","d22ebeb3b1d32d50d872effec97be46e","novakm6@infrast.ad12.cz"
"352","novakm7","Marie","Nováková","034109a5f21f3df0838aeb608774127e","novakm7@telekom.ad12.cz"
"353","svobop4","Petra","Svobodová","71e84ced794c1ff19547e66027fb34c1","svobop4@uit.ad12.cz"
"355","fialam0","Michal","Fiala","771ed68bcc02c768ea0230dab47c9c61",""
"358","benesm3","Marie","Benešová","0cf5fe54ba2bde8e5c0184af8e2e642b","benesm3@merici.ad12.cz"
"361","dvorah2","Helena","Dvořáková","6ea655f3f976687d5ec393aa93f8a4fc","dvorah2@sez.ad12.cz"
"363","horakz1","Zdeněk","Horák","991567273cbcb156f7c27d88cc9e2836","horakz1@telekom.ad12.cz"
"365","markoz0","Zdeňka","Marková","5682212cd5cf23158e1518524f29b8d0","markoz0@uit.ad12.cz"
"366","dvoras0","Stanislav","Dvořák","d1d88e832b9fd441d8687714c93244b6","dvoras0@telekom.ad12.cz"
"371","cernym4","Milan","Černý","c2bdf50f8c626a8a25b3ff36a6cc3366","cernym4@infrast.ad12.cz"
"373","novaki0","Ivana","Nováková","474abf1337647566946c47bb096dbe13","novaki0@merici.ad12.cz"
"374","bartoz0","Zdeněk","Bartoš","159d585d76c742bd3d3dfd237823b1c2",""
"375","kopecj0","Jan","Kopecký","f950819344ae8984fc5bc19912cd12f8","kopecj0@telekom.ad12.cz"
"377","novakj8","Jan","Novák","c1cf37f8185fe30f2bfa1db464d42def","novakj8@infrast.ad12.cz"
"380","jelinp1","Petr","Jelínek","c4cf312c4f97e363cd7eb0d261288728","jelinp1@uit.ad12.cz"
"381","urbanl0","Libuše","Urbanová","882dd87264f0e3515799957dc9771dc4","urbanl0@sez.ad12.cz"
"384","horakj8","Jiří","Horák","50cd25fc07cb9a04d1c37105e763b89c","horakj8@uit.ad12.cz"
"387","dvoral0","Lenka","Dvořáková","9be29957ec82141b251a24b0c727defb",""
"389","kolarj1","Jana","Kolářová","cdbe185618a43a97eb9762d7ed5ec4aa","kolarj1@uit.ad12.cz"
"391","navraj2","Josef","Navrátil","7e3aa9ba9a58772c5d8a64834ae9e85d","navraj2@infrast.ad12.cz"
"392","fialap0","Pavel","Fiala","f4eeac685af75dd08c2bc37863639170","fialap0@telekom.ad12.cz"
"393","pospiz2","Zdeňka","Pospíšilová","b9a499b285b9f745a1b5ad39c9d620b6","pospiz2@sez.ad12.cz"
"394","blazej2","Jaroslav","Blažek","8ef0681edd2b26366ecc04b1a2565720","blazej2@merici.ad12.cz"
"397","kovarr0","Radek","Kovář","8aae734631735f7cde6bf7bc0b475b16","kovarr0@uit.ad12.cz"
"401","dvoraj2","Jiří","Dvořák","353df5216611b8684d16d0bbe4b76f28","dvoraj2@sez.ad12.cz"
"402","sedlad0","David","Sedláček","5dae2d7cbb6b7bb86d22930d314e221a",""
"405","krizol1","Lucie","Křížová","440fc1f96e35e9c9f9b63c57dda1e684","krizol1@sez.ad12.cz"
"407","fialad0","David","Fiala","ddacc984c4fbd14cdd74336bdec3605e","fialad0@merici.ad12.cz"
"408","cermai0","Iveta","Čermáková","932002867799112640d0b010e9ff1a79","cermai0@uit.ad12.cz"
"410","prochm7","Martin","Procházka","4484a2081110c846d61dd6435bd7cc65","prochm7@uit.ad12.cz"
"412","krizm1","Martin","Kříž","69f9b922b2e4ee70cbb6919e870953cc","krizm1@logsys.ad12.cz"
"415","pospip2","Petr","Pospíšil","8ad7344348b688915380244fcbb86894",""
"417","pospim2","Marie","Pospíšilová","636644dfb115c554d7b1bb8ea671fc92","pospim2@merici.ad12.cz"
"419","sedlap0","Pavel","Sedláček","8a3e47fe966e2c97af8d8f77045c0bfe",""
"420","prochj7","Jana","Procházková","f5e2c41be238063b22964e9c83fb664b","prochj7@uit.ad12.cz"
"422","sedlaj1","Josef","Sedláček","16a1d00860c46c7e5f6a3cd19a2b7a09","sedlaj1@merici.ad12.cz"
"423","kopecs0","Stanislav","Kopecký","ec80fe50ac7c38996e8822d8c948c60f","kopecs0@uit.ad12.cz"
"426","dolezm0","Marie","Doležalová","7950751f4cb4737b1313befb71a9e0cc","dolezm0@telekom.ad12.cz"
"427","hajekm0","Martin","Hájek","fd18cf32319a9def7da2c32127341b67","hajekm0@uit.ad12.cz"
"428","horakr1","Renata","Horáková","eb417814de0cac469926fe14d0afba04","horakr1@merici.ad12.cz"
"430","veselz0","Zdeněk","Veselý","8a180d963529e5b1759d40716c3dc999",""
"432","marekj3","Jiří","Marek","f2d8d906b0042f2bcd995f962b5823cf","marekj3@infrast.ad12.cz"
"435","dvoraj3","Jana","Dvořáková","3a1355ca0e9fbdb695fa489a9e46c845","dvoraj3@uit.ad12.cz"
"436","benesd0","David","Beneš","6c58f5239c37d1cdd924efcb4153db09","benesd0@uit.ad12.cz"
"438","novotp2","Petr","Novotný","2272e90298e2b09cdaa70b0f4348be57",""
"440","urbanm2","Milan","Urban","8be4d7693a15f4e04c0c0435182e3164","urbanm2@merici.ad12.cz"
"441","procha1","Aleš","Procházka","58e832a2f395e0003aa5f9f709835d44","procha1@sez.ad12.cz"
"443","kucerh1","Helena","Kučerová","a95a09bb968a2b0b8ad29c607416f71a","kucerh1@telekom.ad12.cz"
"445","hajkop0","Petra","Hájková","d4a1fa4daacd034327122149c3976a55","hajkop0@telekom.ad12.cz"
"446","novakm9","Markéta","Nováková","28f92a0fd594e25c7bf43b37f3547fc3","novakm9@merici.ad12.cz"
"447","novotj5","Jan","Novotný","6132fe93fc69a30489b59795048e99d3","novotj5@sez.ad12.cz"
"448","pokorm2","Marie","Pokorná","301a8133f0fa621a7a2cd41443df8a1b","pokorm2@infrast.ad12.cz"
"451","markoa0","Alena","Marková","246e45122522cd7817ccfe729d91206d","markoa0@uit.ad12.cz"
"452","novaki1","Ivan","Novák","0358113447e29ab428018060567b64c9","novaki1@uit.ad12.cz"
"454","dolezl1","Lucie","Doležalová","6b8612fc93a8209853d9a70cb65b0c0c","dolezl1@uit.ad12.cz"
"456","ruzicz0","Zdeněk","Růžička","318655f293d4985eea64dc4b60a31cdb","ruzicz0@merici.ad12.cz"
"457","kolarm1","Martin","Kolář","446dd8f2f5c4c9eb61ce07dc27ff767d","kolarm1@sez.ad12.cz"
"462","pokorm3","Miroslava","Pokorná","454a1919793bc8ad829803902fb444d4","pokorm3@sez.ad12.cz"
"464","jelinr2","Renata","Jelínková","c7d3510904ba631b99c05770bc7636a1","jelinr2@uit.ad12.cz"
"465","jelinl0","Libuše","Jelínková","70103a56ba7d2ab9bd6e4fd485adad40","jelinl0@sez.ad12.cz"
"466","kucerj1","Jan","Kučera","1c10ca5a1338c9dac992dc803b7198f9","kucerj1@telekom.ad12.cz"
"467","dvoraj4","Jan","Dvořák","532cb7d1d0493ecbd7ea84b7e127cc88",""
"468","cernyz0","Zdeněk","Černý","a4c699da363a1ddad7c00eb70dc2c82c","cernyz0@logsys.ad12.cz"
"471","kopech0","Helena","Kopecká","3306a2ef9751b472274d8e3df2384843","kopech0@telekom.ad12.cz"
"472","marekf0","František","Marek","4523f13ead26e22307d78d75f3521ce7","marekf0@merici.ad12.cz"
"473","vanekp0","Pavel","Vaněk","7610fc05150dbdb5cafd08b46ed19ec3","vanekp0@uit.ad12.cz"
"474","zemanj1","Jaroslav","Zeman","369014857f449e9263bdc1a644af1cf7",""
"475","nemcoo0","Olga","Němcová","ebd584fad2313b0845c26520777476c2","nemcoo0@telekom.ad12.cz"
"476","cermaa1","Andrea","Čermáková","d984dfea015022d12fcf5f12eb790b3a","cermaa1@infrast.ad12.cz"
"477","cernyj7","Jan","Černý","303e3e9abb900cde8260881e7d16285e","cernyj7@uit.ad12.cz"
"479","pospip3","Pavla","Pospíšilová","b43e15ddda7ce47f145d45f76b1923b0",""
"483","marekj4","Jan","Marek","cc539aa0ecf3d5f7c7d43033bb396cff","marekj4@logsys.ad12.cz"
"485","simkoe0","Eva","Šimková","2ece88eb5d5cf1b5991e932f1305f086","simkoe0@telekom.ad12.cz"
"487","kralok0","Kateřina","Králová","c3e3a183009f821b0d1e38cfaaf78152","kralok0@infrast.ad12.cz"
"488","dolezj1","Jana","Doležalová","05e7c63c9a1e97779d21639e0995a041","dolezj1@infrast.ad12.cz"
"495","veselp2","Pavel","Veselý","bc99cde839755ec30c0ce352cda3c5f3","veselp2@logsys.ad12.cz"
"497","cernyz1","Zdeněk","Černý","eaa2d44de75ac167021b47b06fd2593d","cernyz1@merici.ad12.cz"
"499","cernaj0","Jitka","Černá","12f947ee96b949115e0d41ed257ebad3","cernaj0@telekom.ad12.cz"
"500","kucerm2","Michaela","Kučerová","019118e0c42dd529a2089a2d5e178833","kucerm2@sez.ad12.cz"
"501","pospib0","Barbora","Pospíšilová","14a1294fc8e032c7cd4706b966d1dc1a","pospib0@uit.ad12.cz"
"503","kratov1","Věra","Kratochvílová","af53f280e39914769e16e56f420be706","kratov1@uit.ad12.cz"
"504","benesm5","Martin","Beneš","00a8220b51144b38d670f3cc22b02efe","benesm5@uit.ad12.cz"
"506","vaňkoj1","Jana","Vaňková","07c65a149b2110f1a76e80d4fe60d553","vaňkoj1@infrast.ad12.cz"
"508","dvoraj5","Jan","Dvořák","de4ed16f3b39f95f64cc1f37b4b66a3e","dvoraj5@uit.ad12.cz"
"511","nemecj4","Jaroslav","Němec","ff42813b0e17e66e2291ab297df97f7d","nemecj4@telekom.ad12.cz"
"513","prochm9","Martin","Procházka","6a5a1787e787df32ee49c7e4ae7420e5","prochm9@infrast.ad12.cz"
"517","cermal0","Ludmila","Čermáková","a6eeb51d160b828934848e74023b8085",""
"519","novakj12","Jiří","Novák","75d4396f64086257f1ca8a1d929b3bc5","novakj12@uit.ad12.cz"
"523","zemana0","Andrea","Zemanová","fdf4792134671b0c8ce5e1503c3c93f0","zemana0@uit.ad12.cz"
"524","novakh1","Hana","Nováková","ed22b5fe0d9a7a91de102c04e086ebc3","novakh1@sez.ad12.cz"
"525","svobom4","Martin","Svoboda","c98053b10efc2c2157bb54c204ed9d98","svobom4@uit.ad12.cz"
"526","novakj13","Jaroslav","Novák","eaf4b23fd902f85dbecb21bae51adcec","novakj13@merici.ad12.cz"
"527","novakm10","Marie","Nováková","f4123a050699980cd30d82c59721920b","novakm10@merici.ad12.cz"
"530","marekv2","Václav","Marek","058042b0c5f1f84a761d772b461f7375","marekv2@uit.ad12.cz"
"531","cernyv0","Vladimír","Černý","4dd473d59bbc183a1ad03fe5f1b2ec55","cernyv0@infrast.ad12.cz"
"534","dvoraz2","Zdeněk","Dvořák","bd4fe76da4172b3d42979f790e2bb424","dvoraz2@uit.ad12.cz"
"538","novoth0","Helena","Novotná","ea988c96253b65c6abdae5191e3ac3fd","novoth0@merici.ad12.cz"
"541","svobom5","Michal","Svoboda","38d46e9cbf9db6bea32347a7791410b0","svobom5@sez.ad12.cz"
"543","markok0","Kateřina","Marková","fa2702996b5b88c8c80b7b4c67ca9fe9",""
"544","jelinm1","Miroslava","Jelínková","0a3b360f2636c6be7a565c70beb84ec5","jelinm1@sez.ad12.cz"
"545","novakf0","František","Novák","f29ba4ba9e32ca16ae7b795817c6f380","novakf0@sez.ad12.cz"
"547","polakm1","Markéta","Poláková","2f39c88d8ed1745927c95bd036a1537f","polakm1@sez.ad12.cz"
"548","kratob0","Božena","Kratochvílová","ba94947995cb1069629238f1c0bfe0d9","kratob0@telekom.ad12.cz"
"551","nemecr0","Roman","Němec","f301196ee5c031f650e61a63fd601726","nemecr0@uit.ad12.cz"
"555","vanekz0","Zdeněk","Vaněk","11e7390c7fac27af23d849e45ca764da",""
"556","pospim6","Marie","Pospíšilová","630f90edeae0567b7615c1ac3a797562","pospim6@uit.ad12.cz"
"557","novakp4","Pavel","Novák","bf31bf28b6ae05d36cc10e629dc0f44b","novakp4@sez.ad12.cz"
"560","cernyv1","Václav","Černý","2ac71731ae5ab2c3eb4179ee35576080","cernyv1@telekom.ad12.cz"
"561","kucerf0","František","Kučera","8a151e02fa39695121d11b3ed425fad7","kucerf0@infrast.ad12.cz"
"562","hajeka0","Antonín","Hájek","df6bb9027312a80de114dbb0c25aa677","hajeka0@uit.ad12.cz"
"563","dvoraf2","František","Dvořák","f2a9332c097b8227f597b3b4d941bc7a","dvoraf2@uit.ad12.cz"
"566","nemcol1","Lenka","Němcová","af9af31a4fcc66b89d396d2782d8033c","nemcol1@uit.ad12.cz"
"567","jelinj2","Jan","Jelínek","bc993fc4a8cefd68afe16f2a7fc02b6b",""
"572","marekj6","Jiří","Marek","ae8aa1bc7529cc202d53c2997a46aae5","marekj6@uit.ad12.cz"
"575","pospim7","Michal","Pospíšil","db2215525e9232299063ed2c6f6d8a88",""
